number;name;type1;type2;total;hp;attack;defense;sp_attack;sp_defense;speed;generation;legendary
1;Bulbasaur;13;17;318;45;49;49;65;65;45;1;FALSE
2;Ivysaur;13;17;405;60;62;63;80;80;60;1;FALSE
3;Venusaur;13;17;525;80;82;83;100;100;80;1;FALSE
3;Mega Venusaur;13;17;625;80;100;123;122;120;80;1;FALSE
3;Gigantamax Venusaur;13;17;525;80;82;83;100;100;80;1;FALSE
4;Charmander;7;;309;39;52;43;60;50;65;1;FALSE
5;Charmeleon;7;;405;58;64;58;80;65;80;1;FALSE
6;Charizard;7;18;534;78;84;78;109;85;100;1;FALSE
6;Mega Charizard X;7;3;634;78;130;111;130;85;100;1;FALSE
6;Mega Charizard Y;7;18;634;78;104;78;159;115;100;1;FALSE
6;Gigantamax Charizard;7;18;534;78;84;78;109;85;100;1;FALSE
7;Squirtle;2;;314;44;48;65;50;64;43;1;FALSE
8;Wartortle;2;;405;59;63;80;65;80;58;1;FALSE
9;Blastoise;2;;530;79;83;100;85;105;78;1;FALSE
9;Mega Blastoise;2;;630;79;103;120;135;115;78;1;FALSE
9;Gigantamax Blastoise;2;;530;79;83;100;85;105;78;1;FALSE
10;Caterpie;9;;195;45;30;35;20;20;45;1;FALSE
11;Metapod;9;;205;50;20;55;25;25;30;1;FALSE
12;Butterfree;9;18;395;60;45;50;90;80;70;1;FALSE
12;Gigantamax Butterfree;9;18;395;60;45;50;90;80;70;1;FALSE
13;Weedle;9;17;195;40;35;30;20;20;50;1;FALSE
14;Kakuna;9;17;205;45;25;50;25;25;35;1;FALSE
15;Beedrill;9;17;395;65;90;40;45;80;75;1;FALSE
15;Mega Beedrill;9;17;495;65;150;40;15;80;145;1;FALSE
16;Pidgey;11;18;251;40;45;40;35;35;56;1;FALSE
17;Pidgeotto;11;18;349;63;60;55;50;50;71;1;FALSE
18;Pidgeot;11;18;479;83;80;75;70;70;101;1;FALSE
18;Mega Pidgeot;11;18;579;83;80;80;135;80;121;1;FALSE
19;Rattata;11;;253;30;56;35;25;35;72;1;FALSE
19;Alolan Rattata;15;11;253;30;56;35;25;35;72;7;FALSE
20;Raticate;11;;413;55;81;60;50;70;97;1;FALSE
20;Alolan Raticate;15;11;413;75;71;70;40;80;77;7;FALSE
21;Spearow;11;18;262;40;60;30;31;31;70;1;FALSE
22;Fearow;11;18;442;65;90;65;61;61;100;1;FALSE
23;Ekans;17;;288;35;60;44;40;54;55;1;FALSE
24;Arbok;17;;438;60;85;69;65;79;80;1;FALSE
25;Pikachu;4;;320;35;55;40;50;50;90;1;FALSE
25;Gigantamax Pikachu;4;;320;35;55;40;50;50;90;1;FALSE
26;Raichu;4;;485;60;90;55;90;80;110;1;FALSE
26;Alolan Raichu;4;14;485;60;85;50;95;85;110;7;FALSE
27;Sandshrew;16;;300;50;75;85;20;30;40;1;FALSE
27;Alolan Sandshrew;8;1;300;50;75;90;10;35;40;7;FALSE
28;Sandslash;16;;450;75;100;110;45;55;65;1;FALSE
28;Alolan Sandslash;8;1;450;75;100;120;25;65;65;7;FALSE
29;Nidoran F;17;;275;55;47;52;40;40;41;1;FALSE
30;Nidorina;17;;365;70;62;67;55;55;56;1;FALSE
31;Nidoqueen;17;16;505;90;92;87;75;85;76;1;FALSE
32;Nidoran M;17;;273;46;57;40;40;40;50;1;FALSE
33;Nidorino;17;;365;61;72;57;55;55;65;1;FALSE
34;Nidoking;17;16;505;81;102;77;85;75;85;1;FALSE
35;Clefairy;5;;323;70;45;48;60;65;35;1;FALSE
36;Clefable;5;;483;95;70;73;95;90;60;1;FALSE
37;Vulpix;7;;299;38;41;40;50;65;65;1;FALSE
37;Alolan Vulpix;8;;299;38;41;40;50;65;65;7;FALSE
38;Ninetales;7;;505;73;76;75;81;100;100;1;FALSE
38;Alolan Ninetales;8;5;505;73;67;75;81;100;109;7;FALSE
39;Jigglypuff;11;5;270;115;45;20;45;25;20;1;FALSE
40;Wigglytuff;11;5;435;140;70;45;85;50;45;1;FALSE
41;Zubat;17;18;245;40;45;35;30;40;55;1;FALSE
42;Golbat;17;18;455;75;80;70;65;75;90;1;FALSE
43;Oddish;13;17;320;45;50;55;75;65;30;1;FALSE
44;Gloom;13;17;395;60;65;70;85;75;40;1;FALSE
45;Vileplume;13;17;490;75;80;85;110;90;50;1;FALSE
46;Paras;9;13;285;35;70;55;45;55;25;1;FALSE
47;Parasect;9;13;405;60;95;80;60;80;30;1;FALSE
48;Venonat;9;17;305;60;55;50;40;55;45;1;FALSE
49;Venomoth;9;17;450;70;65;60;90;75;90;1;FALSE
50;Diglett;16;;265;10;55;25;35;45;95;1;FALSE
50;Alolan Diglett;16;1;265;10;55;30;35;45;90;7;FALSE
51;Dugtrio;16;;405;35;80;50;50;70;120;1;FALSE
51;Alolan Dugtrio;16;1;425;35;100;60;50;70;110;7;FALSE
52;Meowth;11;;290;40;45;35;40;40;90;1;FALSE
53;Gigantamax Meowth;11;;290;40;45;35;40;40;90;1;FALSE
52;Alolan Meowth;15;;290;40;35;35;50;40;90;7;FALSE
52;Galarian Meowth;1;;290;50;65;55;40;40;40;8;FALSE
53;Persian;11;;440;65;70;60;65;65;115;1;FALSE
53;Alolan Persian;15;;440;65;60;60;75;65;115;7;FALSE
54;Psyduck;2;;320;50;52;48;65;50;55;1;FALSE
55;Golduck;2;;500;80;82;78;95;80;85;1;FALSE
56;Mankey;10;;305;40;80;35;35;45;70;1;FALSE
57;Primeape;10;;455;65;105;60;60;70;95;1;FALSE
58;Growlithe;7;;350;55;70;45;70;50;60;1;FALSE
59;Arcanine;7;;555;90;110;80;100;80;95;1;FALSE
60;Poliwag;2;;300;40;50;40;40;40;90;1;FALSE
61;Poliwhirl;2;;385;65;65;65;50;50;90;1;FALSE
62;Poliwrath;2;10;510;90;95;95;70;90;70;1;FALSE
63;Abra;14;;310;25;20;15;105;55;90;1;FALSE
64;Kadabra;14;;400;40;35;30;120;70;105;1;FALSE
65;Alakazam;14;;500;55;50;45;135;95;120;1;FALSE
65;Mega Alakazam;14;;590;55;50;65;175;95;150;1;FALSE
66;Machop;10;;305;70;80;50;35;35;35;1;FALSE
67;Machoke;10;;405;80;100;70;50;60;45;1;FALSE
68;Machamp;10;;505;90;130;80;65;85;55;1;FALSE
68;Gigantamax Machamp;10;;505;90;130;80;65;85;55;1;FALSE
69;Bellsprout;13;17;300;50;75;35;70;30;40;1;FALSE
70;Weepinbell;13;17;390;65;90;50;85;45;55;1;FALSE
71;Victreebel;13;17;490;80;105;65;100;70;70;1;FALSE
72;Tentacool;2;17;335;40;40;35;50;100;70;1;FALSE
73;Tentacruel;2;17;515;80;70;65;80;120;100;1;FALSE
74;Geodude;12;16;300;40;80;100;30;30;20;1;FALSE
74;Alolan Geodude;12;4;300;40;80;100;30;30;20;7;FALSE
75;Graveler;12;16;390;55;95;115;45;45;35;1;FALSE
75;Alolan Graveler;12;4;390;55;95;115;45;45;35;7;FALSE
76;Golem;12;16;495;80;120;130;55;65;45;1;FALSE
76;Alolan Golem;12;4;495;80;120;130;55;65;45;7;FALSE
77;Ponyta;7;;410;50;85;55;65;65;90;1;FALSE
77;Galarian Ponyta;14;5;410;50;85;55;65;65;90;8;FALSE
78;Rapidash;7;;500;65;100;70;80;80;105;1;FALSE
78;Galarian Rapidash;14;5;500;65;100;70;80;80;105;8;FALSE
79;Slowpoke;2;14;315;90;65;65;40;40;15;1;FALSE
79;Galarian Slowpoke;14;;315;90;65;65;40;40;15;8;FALSE
80;Slowbro;2;14;490;95;75;110;100;80;30;1;FALSE
80;Galarian Slowbro;17;14;490;95;100;95;100;70;30;8;FALSE
80;Mega Slowbro;2;14;590;95;75;180;130;80;30;1;FALSE
81;Magnemite;4;1;325;25;35;70;95;55;45;1;FALSE
82;Magneton;4;1;465;50;60;95;120;70;70;1;FALSE
83;Farfetch'd;11;18;352;52;90;55;58;62;60;1;FALSE
83;Galarian Farfetched;10;;377;52;95;55;58;62;55;8;FALSE
84;Doduo;11;18;310;35;85;45;35;35;75;1;FALSE
85;Dodrio;11;18;460;60;110;70;60;60;100;1;FALSE
86;Seel;2;;325;65;45;55;45;70;45;1;FALSE
87;Dewgong;2;8;475;90;70;80;70;95;70;1;FALSE
88;Grimer;17;;325;80;80;50;40;50;25;1;FALSE
88;Alolan Grimer;17;15;325;80;80;50;40;50;25;7;FALSE
89;Muk;17;;500;105;105;75;65;100;50;1;FALSE
89;Alolan Muk;17;15;500;105;105;75;65;100;50;7;FALSE
90;Shellder;2;;305;30;65;100;45;25;40;1;FALSE
91;Cloyster;2;8;525;50;95;180;85;45;70;1;FALSE
92;Gastly;6;17;310;30;35;30;100;35;80;1;FALSE
93;Haunter;6;17;405;45;50;45;115;55;95;1;FALSE
94;Gengar;6;17;500;60;65;60;130;75;110;1;FALSE
94;Mega Gengar;6;17;600;60;65;80;170;95;130;1;FALSE
94;Gigantamax Gengar;6;17;500;60;65;60;130;75;110;1;FALSE
95;Onix;12;16;385;35;45;160;30;45;70;1;FALSE
96;Drowzee;14;;328;60;48;45;43;90;42;1;FALSE
97;Hypno;14;;483;85;73;70;73;115;67;1;FALSE
98;Krabby;2;;325;30;105;90;25;25;50;1;FALSE
99;Kingler;2;;475;55;130;115;50;50;75;1;FALSE
99;Gigantamax Kingler;2;;475;55;130;115;50;50;75;1;FALSE
100;Voltorb;4;;330;40;30;50;55;55;100;1;FALSE
101;Electrode;4;;480;60;50;70;80;80;140;1;FALSE
102;Exeggcute;13;14;325;60;40;80;60;45;40;1;FALSE
103;Exeggutor;13;14;520;95;95;85;125;65;55;1;FALSE
103;Alolan Exeggutor;13;3;530;95;105;85;125;75;45;7;FALSE
104;Cubone;16;;320;50;50;95;40;50;35;1;FALSE
105;Marowak;16;;425;60;80;110;50;80;45;1;FALSE
105;Alolan Marowak;7;6;425;60;80;110;50;80;45;7;FALSE
106;Hitmonlee;10;;455;50;120;53;35;110;87;1;FALSE
107;Hitmonchan;10;;455;50;105;79;35;110;76;1;FALSE
108;Lickitung;11;;385;90;55;75;60;75;30;1;FALSE
109;Koffing;17;;340;40;65;95;60;45;35;1;FALSE
110;Weezing;17;;490;65;90;120;85;70;60;1;FALSE
110;Galarian Weezing;17;5;490;65;90;120;85;70;60;8;FALSE
111;Rhyhorn;16;12;345;80;85;95;30;30;25;1;FALSE
112;Rhydon;16;12;485;105;130;120;45;45;40;1;FALSE
113;Chansey;11;;450;250;5;5;35;105;50;1;FALSE
114;Tangela;13;;435;65;55;115;100;40;60;1;FALSE
115;Kangaskhan;11;;490;105;95;80;40;80;90;1;FALSE
115;Mega Kangaskhan;11;;590;105;125;100;60;100;100;1;FALSE
116;Horsea;2;;295;30;40;70;70;25;60;1;FALSE
117;Seadra;2;;440;55;65;95;95;45;85;1;FALSE
118;Goldeen;2;;320;45;67;60;35;50;63;1;FALSE
119;Seaking;2;;450;80;92;65;65;80;68;1;FALSE
120;Staryu;2;;340;30;45;55;70;55;85;1;FALSE
121;Starmie;2;14;520;60;75;85;100;85;115;1;FALSE
122;Mr. Mime;14;5;460;40;45;65;100;120;90;1;FALSE
122;Galarian Mr. Mime;8;14;460;50;65;65;90;90;100;8;FALSE
123;Scyther;9;18;500;70;110;80;55;80;105;1;FALSE
124;Jynx;8;14;455;65;50;35;115;95;95;1;FALSE
125;Electabuzz;4;;490;65;83;57;95;85;105;1;FALSE
126;Magmar;7;;495;65;95;57;100;85;93;1;FALSE
127;Pinsir;9;;500;65;125;100;55;70;85;1;FALSE
127;Mega Pinsir;9;18;600;65;155;120;65;90;105;1;FALSE
128;Tauros;11;;490;75;100;95;40;70;110;1;FALSE
129;Magikarp;2;;200;20;10;55;15;20;80;1;FALSE
130;Gyarados;2;18;540;95;125;79;60;100;81;1;FALSE
130;Mega Gyarados;2;15;640;95;155;109;70;130;81;1;FALSE
131;Lapras;2;8;535;130;85;80;85;95;60;1;FALSE
131;Gigantamax Lapras;2;8;535;130;85;80;85;95;60;1;FALSE
132;Ditto;11;;288;48;48;48;48;48;48;1;FALSE
133;Eevee;11;;325;55;55;50;45;65;55;1;FALSE
133;Gigantamax Eevee;11;;325;55;55;50;45;65;55;1;FALSE
134;Vaporeon;2;;525;130;65;60;110;95;65;1;FALSE
135;Jolteon;4;;525;65;65;60;110;95;130;1;FALSE
136;Flareon;7;;525;65;130;60;95;110;65;1;FALSE
137;Porygon;11;;395;65;60;70;85;75;40;1;FALSE
138;Omanyte;12;2;355;35;40;100;90;55;35;1;FALSE
139;Omastar;12;2;495;70;60;125;115;70;55;1;FALSE
140;Kabuto;12;2;355;30;80;90;55;45;55;1;FALSE
141;Kabutops;12;2;495;60;115;105;65;70;80;1;FALSE
142;Aerodactyl;12;18;515;80;105;65;60;75;130;1;FALSE
142;Mega Aerodactyl;12;18;615;80;135;85;70;95;150;1;FALSE
143;Snorlax;11;;540;160;110;65;65;110;30;1;FALSE
143;Gigantamax Snorlax;11;;540;160;110;65;65;110;30;1;FALSE
144;Articuno;8;18;580;90;85;100;95;125;85;1;TRUE
144;Galarian Articuno;14;18;580;90;85;85;125;100;95;8;TRUE
145;Zapdos;4;18;580;90;90;85;125;90;100;1;TRUE
145;Galarian Zapdos;10;18;580;90;125;90;85;90;100;8;TRUE
146;Moltres;7;18;580;90;100;90;125;85;90;1;TRUE
146;Galarian Moltres;15;18;580;90;85;90;100;125;90;8;TRUE
147;Dratini;3;;300;41;64;45;50;50;50;1;FALSE
148;Dragonair;3;;420;61;84;65;70;70;70;1;FALSE
149;Dragonite;3;18;600;91;134;95;100;100;80;1;FALSE
150;Mewtwo;14;;680;106;110;90;154;90;130;1;TRUE
150;Mega Mewtwo X;14;10;780;106;190;100;154;100;130;1;TRUE
150;Mega Mewtwo Y;14;;780;106;150;70;194;120;140;1;TRUE
151;Mew;14;;600;100;100;100;100;100;100;1;TRUE
152;Chikorita;13;;318;45;49;65;49;65;45;2;FALSE
153;Bayleef;13;;405;60;62;80;63;80;60;2;FALSE
154;Meganium;13;;525;80;82;100;83;100;80;2;FALSE
155;Cyndaquil;7;;309;39;52;43;60;50;65;2;FALSE
156;Quilava;7;;405;58;64;58;80;65;80;2;FALSE
157;Typhlosion;7;;534;78;84;78;109;85;100;2;FALSE
158;Totodile;2;;314;50;65;64;44;48;43;2;FALSE
159;Croconaw;2;;405;65;80;80;59;63;58;2;FALSE
160;Feraligatr;2;;530;85;105;100;79;83;78;2;FALSE
161;Sentret;11;;215;35;46;34;35;45;20;2;FALSE
162;Furret;11;;415;85;76;64;45;55;90;2;FALSE
163;Hoothoot;11;18;262;60;30;30;36;56;50;2;FALSE
164;Noctowl;11;18;442;100;50;50;76;96;70;2;FALSE
165;Ledyba;9;18;265;40;20;30;40;80;55;2;FALSE
166;Ledian;9;18;390;55;35;50;55;110;85;2;FALSE
167;Spinarak;9;17;250;40;60;40;40;40;30;2;FALSE
168;Ariados;9;17;390;70;90;70;60;60;40;2;FALSE
169;Crobat;17;18;535;85;90;80;70;80;130;2;FALSE
170;Chinchou;2;4;330;75;38;38;56;56;67;2;FALSE
171;Lanturn;2;4;460;125;58;58;76;76;67;2;FALSE
172;Pichu;4;;205;20;40;15;35;35;60;2;FALSE
173;Cleffa;5;;218;50;25;28;45;55;15;2;FALSE
174;Igglybuff;11;5;210;90;30;15;40;20;15;2;FALSE
175;Togepi;5;;245;35;20;65;40;65;20;2;FALSE
176;Togetic;5;18;405;55;40;85;80;105;40;2;FALSE
177;Natu;14;18;320;40;50;45;70;45;70;2;FALSE
178;Xatu;14;18;470;65;75;70;95;70;95;2;FALSE
179;Mareep;4;;280;55;40;40;65;45;35;2;FALSE
180;Flaaffy;4;;365;70;55;55;80;60;45;2;FALSE
181;Ampharos;4;;510;90;75;85;115;90;55;2;FALSE
181;Mega Ampharos;4;3;610;90;95;105;165;110;45;2;FALSE
182;Bellossom;13;;490;75;80;95;90;100;50;2;FALSE
183;Marill;2;5;250;70;20;50;20;50;40;2;FALSE
184;Azumarill;2;5;420;100;50;80;60;80;50;2;FALSE
185;Sudowoodo;12;;410;70;100;115;30;65;30;2;FALSE
186;Politoed;2;;500;90;75;75;90;100;70;2;FALSE
187;Hoppip;13;18;250;35;35;40;35;55;50;2;FALSE
188;Skiploom;13;18;340;55;45;50;45;65;80;2;FALSE
189;Jumpluff;13;18;460;75;55;70;55;95;110;2;FALSE
190;Aipom;11;;360;55;70;55;40;55;85;2;FALSE
191;Sunkern;13;;180;30;30;30;30;30;30;2;FALSE
192;Sunflora;13;;425;75;75;55;105;85;30;2;FALSE
193;Yanma;9;18;390;65;65;45;75;45;95;2;FALSE
194;Wooper;2;16;210;55;45;45;25;25;15;2;FALSE
195;Quagsire;2;16;430;95;85;85;65;65;35;2;FALSE
196;Espeon;14;;525;65;65;60;130;95;110;2;FALSE
197;Umbreon;15;;525;95;65;110;60;130;65;2;FALSE
198;Murkrow;15;18;405;60;85;42;85;42;91;2;FALSE
199;Slowking;2;14;490;95;75;80;100;110;30;2;FALSE
199;Galarian Slowking;17;14;490;95;65;80;110;110;30;8;FALSE
200;Misdreavus;6;;435;60;60;60;85;85;85;2;FALSE
201;Unown;14;;336;48;72;48;72;48;48;2;FALSE
202;Wobbuffet;14;;405;190;33;58;33;58;33;2;FALSE
203;Girafarig;11;14;455;70;80;65;90;65;85;2;FALSE
204;Pineco;9;;290;50;65;90;35;35;15;2;FALSE
205;Forretress;9;1;465;75;90;140;60;60;40;2;FALSE
206;Dunsparce;11;;415;100;70;70;65;65;45;2;FALSE
207;Gligar;16;18;430;65;75;105;35;65;85;2;FALSE
208;Steelix;1;16;510;75;85;200;55;65;30;2;FALSE
208;Mega Steelix;1;16;610;75;125;230;55;95;30;2;FALSE
209;Snubbull;5;;300;60;80;50;40;40;30;2;FALSE
210;Granbull;5;;450;90;120;75;60;60;45;2;FALSE
211;Qwilfish;2;17;430;65;95;75;55;55;85;2;FALSE
212;Scizor;9;1;500;70;130;100;55;80;65;2;FALSE
212;Mega Scizor;9;1;600;70;150;140;65;100;75;2;FALSE
213;Shuckle;9;12;505;20;10;230;10;230;5;2;FALSE
214;Heracross;9;10;500;80;125;75;40;95;85;2;FALSE
214;Mega Heracross;9;10;600;80;185;115;40;105;75;2;FALSE
215;Sneasel;15;8;430;55;95;55;35;75;115;2;FALSE
216;Teddiursa;11;;330;60;80;50;50;50;40;2;FALSE
217;Ursaring;11;;500;90;130;75;75;75;55;2;FALSE
218;Slugma;7;;250;40;40;40;70;40;20;2;FALSE
219;Magcargo;7;12;410;50;50;120;80;80;30;2;FALSE
220;Swinub;8;16;250;50;50;40;30;30;50;2;FALSE
221;Piloswine;8;16;450;100;100;80;60;60;50;2;FALSE
222;Corsola;2;12;380;55;55;85;65;85;35;2;FALSE
222;Galarian Corsola;6;;380;60;55;100;65;100;30;8;FALSE
223;Remoraid;2;;300;35;65;35;65;35;65;2;FALSE
224;Octillery;2;;480;75;105;75;105;75;45;2;FALSE
225;Delibird;8;18;330;45;55;45;65;45;75;2;FALSE
226;Mantine;2;18;465;65;40;70;80;140;70;2;FALSE
227;Skarmory;1;18;465;65;80;140;40;70;70;2;FALSE
228;Houndour;15;7;330;45;60;30;80;50;65;2;FALSE
229;Houndoom;15;7;500;75;90;50;110;80;95;2;FALSE
229;Mega Houndoom;15;7;600;75;90;90;140;90;115;2;FALSE
230;Kingdra;2;3;540;75;95;95;95;95;85;2;FALSE
231;Phanpy;16;;330;90;60;60;40;40;40;2;FALSE
232;Donphan;16;;500;90;120;120;60;60;50;2;FALSE
233;Porygon2;11;;515;85;80;90;105;95;60;2;FALSE
234;Stantler;11;;465;73;95;62;85;65;85;2;FALSE
235;Smeargle;11;;250;55;20;35;20;45;75;2;FALSE
236;Tyrogue;10;;210;35;35;35;35;35;35;2;FALSE
237;Hitmontop;10;;455;50;95;95;35;110;70;2;FALSE
238;Smoochum;8;14;305;45;30;15;85;65;65;2;FALSE
239;Elekid;4;;360;45;63;37;65;55;95;2;FALSE
240;Magby;7;;365;45;75;37;70;55;83;2;FALSE
241;Miltank;11;;490;95;80;105;40;70;100;2;FALSE
242;Blissey;11;;540;255;10;10;75;135;55;2;FALSE
243;Raikou;4;;580;90;85;75;115;100;115;2;TRUE
244;Entei;7;;580;115;115;85;90;75;100;2;TRUE
245;Suicune;2;;580;100;75;115;90;115;85;2;TRUE
246;Larvitar;12;16;300;50;64;50;45;50;41;2;FALSE
247;Pupitar;12;16;410;70;84;70;65;70;51;2;FALSE
248;Tyranitar;12;15;600;100;134;110;95;100;61;2;FALSE
248;Mega Tyranitar;12;15;700;100;164;150;95;120;71;2;FALSE
249;Lugia;14;18;680;106;90;130;90;154;110;2;TRUE
250;Ho-oh;7;18;680;106;130;90;110;154;90;2;TRUE
251;Celebi;14;13;600;100;100;100;100;100;100;2;TRUE
252;Treecko;13;;310;40;45;35;65;55;70;3;FALSE
253;Grovyle;13;;405;50;65;45;85;65;95;3;FALSE
254;Sceptile;13;;530;70;85;65;105;85;120;3;FALSE
254;Mega Sceptile;13;3;630;70;110;75;145;85;145;3;FALSE
255;Torchic;7;;310;45;60;40;70;50;45;3;FALSE
256;Combusken;7;10;405;60;85;60;85;60;55;3;FALSE
257;Blaziken;7;10;530;80;120;70;110;70;80;3;FALSE
257;Mega Blaziken;7;10;630;80;160;80;130;80;100;3;FALSE
258;Mudkip;2;;310;50;70;50;50;50;40;3;FALSE
259;Marshtomp;2;16;405;70;85;70;60;70;50;3;FALSE
260;Swampert;2;16;535;100;110;90;85;90;60;3;FALSE
260;Mega Swampert;2;16;635;100;150;110;95;110;70;3;FALSE
261;Poochyena;15;;220;35;55;35;30;30;35;3;FALSE
262;Mightyena;15;;420;70;90;70;60;60;70;3;FALSE
263;Zigzagoon;11;;240;38;30;41;30;41;60;3;FALSE
263;Galarian Zigzagoon;15;11;240;38;30;41;30;41;60;8;FALSE
264;Linoone;11;;420;78;70;61;50;61;100;3;FALSE
264;Galarian Linoone;15;11;420;78;70;61;50;61;100;8;FALSE
265;Wurmple;9;;195;45;45;35;20;30;20;3;FALSE
266;Silcoon;9;;205;50;35;55;25;25;15;3;FALSE
267;Beautifly;9;18;395;60;70;50;100;50;65;3;FALSE
268;Cascoon;9;;205;50;35;55;25;25;15;3;FALSE
269;Dustox;9;17;385;60;50;70;50;90;65;3;FALSE
270;Lotad;2;13;220;40;30;30;40;50;30;3;FALSE
271;Lombre;2;13;340;60;50;50;60;70;50;3;FALSE
272;Ludicolo;2;13;480;80;70;70;90;100;70;3;FALSE
273;Seedot;13;;220;40;40;50;30;30;30;3;FALSE
274;Nuzleaf;13;15;340;70;70;40;60;40;60;3;FALSE
275;Shiftry;13;15;480;90;100;60;90;60;80;3;FALSE
276;Taillow;11;18;270;40;55;30;30;30;85;3;FALSE
277;Swellow;11;18;430;60;85;60;50;50;125;3;FALSE
278;Wingull;2;18;270;40;30;30;55;30;85;3;FALSE
279;Pelipper;2;18;430;60;50;100;85;70;65;3;FALSE
280;Ralts;14;5;198;28;25;25;45;35;40;3;FALSE
281;Kirlia;14;5;278;38;35;35;65;55;50;3;FALSE
282;Gardevoir;14;5;518;68;65;65;125;115;80;3;FALSE
282;Mega Gardevoir;14;5;618;68;85;65;165;135;100;3;FALSE
283;Surskit;9;2;269;40;30;32;50;52;65;3;FALSE
284;Masquerain;9;18;414;70;60;62;80;82;60;3;FALSE
285;Shroomish;13;;295;60;40;60;40;60;35;3;FALSE
286;Breloom;13;10;460;60;130;80;60;60;70;3;FALSE
287;Slakoth;11;;280;60;60;60;35;35;30;3;FALSE
288;Vigoroth;11;;440;80;80;80;55;55;90;3;FALSE
289;Slaking;11;;670;150;160;100;95;65;100;3;FALSE
290;Nincada;9;16;266;31;45;90;30;30;40;3;FALSE
291;Ninjask;9;18;456;61;90;45;50;50;160;3;FALSE
292;Shedinja;9;6;236;1;90;45;30;30;40;3;FALSE
293;Whismur;11;;240;64;51;23;51;23;28;3;FALSE
294;Loudred;11;;360;84;71;43;71;43;48;3;FALSE
295;Exploud;11;;490;104;91;63;91;73;68;3;FALSE
296;Makuhita;10;;237;72;60;30;20;30;25;3;FALSE
297;Hariyama;10;;474;144;120;60;40;60;50;3;FALSE
298;Azurill;11;5;190;50;20;40;20;40;20;3;FALSE
299;Nosepass;12;;375;30;45;135;45;90;30;3;FALSE
300;Skitty;11;;260;50;45;45;35;35;50;3;FALSE
301;Delcatty;11;;380;70;65;65;55;55;70;3;FALSE
302;Sableye;15;6;380;50;75;75;65;65;50;3;FALSE
302;Mega Sableye;15;6;480;50;85;125;85;115;20;3;FALSE
303;Mawile;1;5;380;50;85;85;55;55;50;3;FALSE
303;Mega Mawile;1;5;480;50;105;125;55;95;50;3;FALSE
304;Aron;1;12;330;50;70;100;40;40;30;3;FALSE
305;Lairon;1;12;430;60;90;140;50;50;40;3;FALSE
306;Aggron;1;12;530;70;110;180;60;60;50;3;FALSE
306;Mega Aggron;1;;630;70;140;230;60;80;50;3;FALSE
307;Meditite;10;14;280;30;40;55;40;55;60;3;FALSE
308;Medicham;10;14;410;60;60;75;60;75;80;3;FALSE
308;Mega Medicham;10;14;510;60;100;85;80;85;100;3;FALSE
309;Electrike;4;;295;40;45;40;65;40;65;3;FALSE
310;Manectric;4;;475;70;75;60;105;60;105;3;FALSE
310;Mega Manectric;4;;575;70;75;80;135;80;135;3;FALSE
311;Plusle;4;;405;60;50;40;85;75;95;3;FALSE
312;Minun;4;;405;60;40;50;75;85;95;3;FALSE
313;Volbeat;9;;400;65;73;55;47;75;85;3;FALSE
314;Illumise;9;;400;65;47;55;73;75;85;3;FALSE
315;Roselia;13;17;400;50;60;45;100;80;65;3;FALSE
316;Gulpin;17;;302;70;43;53;43;53;40;3;FALSE
317;Swalot;17;;467;100;73;83;73;83;55;3;FALSE
318;Carvanha;2;15;305;45;90;20;65;20;65;3;FALSE
319;Sharpedo;2;15;460;70;120;40;95;40;95;3;FALSE
319;Mega Sharpedo;2;15;560;70;140;70;110;65;105;3;FALSE
320;Wailmer;2;;400;130;70;35;70;35;60;3;FALSE
321;Wailord;2;;500;170;90;45;90;45;60;3;FALSE
322;Numel;7;16;305;60;60;40;65;45;35;3;FALSE
323;Camerupt;7;16;460;70;100;70;105;75;40;3;FALSE
323;Mega Camerupt;7;16;560;70;120;100;145;105;20;3;FALSE
324;Torkoal;7;;470;70;85;140;85;70;20;3;FALSE
325;Spoink;14;;330;60;25;35;70;80;60;3;FALSE
326;Grumpig;14;;470;80;45;65;90;110;80;3;FALSE
327;Spinda;11;;360;60;60;60;60;60;60;3;FALSE
328;Trapinch;16;;290;45;100;45;45;45;10;3;FALSE
329;Vibrava;16;3;340;50;70;50;50;50;70;3;FALSE
330;Flygon;16;3;520;80;100;80;80;80;100;3;FALSE
331;Cacnea;13;;335;50;85;40;85;40;35;3;FALSE
332;Cacturne;13;15;475;70;115;60;115;60;55;3;FALSE
333;Swablu;11;18;310;45;40;60;40;75;50;3;FALSE
334;Altaria;3;18;490;75;70;90;70;105;80;3;FALSE
334;Mega Altaria;3;5;590;75;110;110;110;105;80;3;FALSE
335;Zangoose;11;;458;73;115;60;60;60;90;3;FALSE
336;Seviper;17;;458;73;100;60;100;60;65;3;FALSE
337;Lunatone;12;14;440;70;55;65;95;85;70;3;FALSE
338;Solrock;12;14;440;70;95;85;55;65;70;3;FALSE
339;Barboach;2;16;288;50;48;43;46;41;60;3;FALSE
340;Whiscash;2;16;468;110;78;73;76;71;60;3;FALSE
341;Corphish;2;;308;43;80;65;50;35;35;3;FALSE
342;Crawdaunt;2;15;468;63;120;85;90;55;55;3;FALSE
343;Baltoy;16;14;300;40;40;55;40;70;55;3;FALSE
344;Claydol;16;14;500;60;70;105;70;120;75;3;FALSE
345;Lileep;12;13;355;66;41;77;61;87;23;3;FALSE
346;Cradily;12;13;495;86;81;97;81;107;43;3;FALSE
347;Anorith;12;9;355;45;95;50;40;50;75;3;FALSE
348;Armaldo;12;9;495;75;125;100;70;80;45;3;FALSE
349;Feebas;2;;200;20;15;20;10;55;80;3;FALSE
350;Milotic;2;;540;95;60;79;100;125;81;3;FALSE
351;Castform;11;;420;70;70;70;70;70;70;3;FALSE
352;Kecleon;11;;440;60;90;70;60;120;40;3;FALSE
353;Shuppet;6;;295;44;75;35;63;33;45;3;FALSE
354;Banette;6;;455;64;115;65;83;63;65;3;FALSE
354;Mega Banette;6;;555;64;165;75;93;83;75;3;FALSE
355;Duskull;6;;295;20;40;90;30;90;25;3;FALSE
356;Dusclops;6;;455;40;70;130;60;130;25;3;FALSE
357;Tropius;13;18;460;99;68;83;72;87;51;3;FALSE
358;Chimecho;14;;425;65;50;70;95;80;65;3;FALSE
359;Absol;15;;465;65;130;60;75;60;75;3;FALSE
359;Mega Absol;15;;565;65;150;60;115;60;115;3;FALSE
360;Wynaut;14;;260;95;23;48;23;48;23;3;FALSE
361;Snorunt;8;;300;50;50;50;50;50;50;3;FALSE
362;Glalie;8;;480;80;80;80;80;80;80;3;FALSE
362;Mega Glalie;8;;580;80;120;80;120;80;100;3;FALSE
363;Spheal;8;2;290;70;40;50;55;50;25;3;FALSE
364;Sealeo;8;2;410;90;60;70;75;70;45;3;FALSE
365;Walrein;8;2;530;110;80;90;95;90;65;3;FALSE
366;Clamperl;2;;345;35;64;85;74;55;32;3;FALSE
367;Huntail;2;;485;55;104;105;94;75;52;3;FALSE
368;Gorebyss;2;;485;55;84;105;114;75;52;3;FALSE
369;Relicanth;2;12;485;100;90;130;45;65;55;3;FALSE
370;Luvdisc;2;;330;43;30;55;40;65;97;3;FALSE
371;Bagon;3;;300;45;75;60;40;30;50;3;FALSE
372;Shelgon;3;;420;65;95;100;60;50;50;3;FALSE
373;Salamence;3;18;600;95;135;80;110;80;100;3;FALSE
373;Mega Salamence;3;18;700;95;145;130;120;90;120;3;FALSE
374;Beldum;1;14;300;40;55;80;35;60;30;3;FALSE
375;Metang;1;14;420;60;75;100;55;80;50;3;FALSE
376;Metagross;1;14;600;80;135;130;95;90;70;3;FALSE
376;Mega Metagross;1;14;700;80;145;150;105;110;110;3;FALSE
377;Regirock;12;;580;80;100;200;50;100;50;3;TRUE
378;Regice;8;;580;80;50;100;100;200;50;3;TRUE
379;Registeel;1;;580;80;75;150;75;150;50;3;TRUE
380;Latias;3;14;600;80;80;90;110;130;110;3;TRUE
380;Mega Latias;3;14;700;80;100;120;140;150;110;3;TRUE
381;Latios;3;14;600;80;90;80;130;110;110;3;TRUE
381;Mega Latios;3;14;700;80;130;100;160;120;110;3;TRUE
382;Kyogre;2;;670;100;100;90;150;140;90;3;TRUE
382;Primal Kyogre;2;;770;100;150;90;180;160;90;3;TRUE
383;Groudon;16;;670;100;150;140;100;90;90;3;TRUE
383;Primal Groudon;16;7;770;100;180;160;150;90;90;3;TRUE
384;Rayquaza;3;18;680;105;150;90;150;90;95;3;TRUE
384;Mega Rayquaza;3;18;780;105;180;100;180;100;115;3;TRUE
385;Jirachi;1;14;600;100;100;100;100;100;100;3;TRUE
386;Deoxys Normal Forme;14;;600;50;150;50;150;50;150;3;TRUE
386;Deoxys Attack Forme;14;;600;50;180;20;180;20;150;3;TRUE
386;Deoxys Defense Forme;14;;600;50;70;160;70;160;90;3;TRUE
386;Deoxys Speed Forme;14;;600;50;95;90;95;90;180;3;TRUE
387;Turtwig;13;;318;55;68;64;45;55;31;4;FALSE
388;Grotle;13;;405;75;89;85;55;65;36;4;FALSE
389;Torterra;13;16;525;95;109;105;75;85;56;4;FALSE
390;Chimchar;7;;309;44;58;44;58;44;61;4;FALSE
391;Monferno;7;10;405;64;78;52;78;52;81;4;FALSE
392;Infernape;7;10;534;76;104;71;104;71;108;4;FALSE
393;Piplup;2;;314;53;51;53;61;56;40;4;FALSE
394;Prinplup;2;;405;64;66;68;81;76;50;4;FALSE
395;Empoleon;2;1;530;84;86;88;111;101;60;4;FALSE
396;Starly;11;18;245;40;55;30;30;30;60;4;FALSE
397;Staravia;11;18;340;55;75;50;40;40;80;4;FALSE
398;Staraptor;11;18;485;85;120;70;50;60;100;4;FALSE
399;Bidoof;11;;250;59;45;40;35;40;31;4;FALSE
400;Bibarel;11;2;410;79;85;60;55;60;71;4;FALSE
401;Kricketot;9;;194;37;25;41;25;41;25;4;FALSE
402;Kricketune;9;;384;77;85;51;55;51;65;4;FALSE
403;Shinx;4;;263;45;65;34;40;34;45;4;FALSE
404;Luxio;4;;363;60;85;49;60;49;60;4;FALSE
405;Luxray;4;;523;80;120;79;95;79;70;4;FALSE
406;Budew;13;17;280;40;30;35;50;70;55;4;FALSE
407;Roserade;13;17;515;60;70;65;125;105;90;4;FALSE
408;Cranidos;12;;350;67;125;40;30;30;58;4;FALSE
409;Rampardos;12;;495;97;165;60;65;50;58;4;FALSE
410;Shieldon;12;1;350;30;42;118;42;88;30;4;FALSE
411;Bastiodon;12;1;495;60;52;168;47;138;30;4;FALSE
412;Burmy;9;;224;40;29;45;29;45;36;4;FALSE
413;Wormadam Plant Cloak;9;13;424;60;59;85;79;105;36;4;FALSE
413;Wormadam Sandy Cloak;9;16;424;60;79;105;59;85;36;4;FALSE
413;Wormadam Trash Cloak;9;1;424;60;69;95;69;95;36;4;FALSE
414;Mothim;9;18;424;70;94;50;94;50;66;4;FALSE
415;Combee;9;18;244;30;30;42;30;42;70;4;FALSE
416;Vespiquen;9;18;474;70;80;102;80;102;40;4;FALSE
417;Pachirisu;4;;405;60;45;70;45;90;95;4;FALSE
418;Buizel;2;;330;55;65;35;60;30;85;4;FALSE
419;Floatzel;2;;495;85;105;55;85;50;115;4;FALSE
420;Cherubi;13;;275;45;35;45;62;53;35;4;FALSE
421;Cherrim;13;;450;70;60;70;87;78;85;4;FALSE
422;Shellos;2;;325;76;48;48;57;62;34;4;FALSE
423;Gastrodon;2;16;475;111;83;68;92;82;39;4;FALSE
424;Ambipom;11;;482;75;100;66;60;66;115;4;FALSE
425;Drifloon;6;18;348;90;50;34;60;44;70;4;FALSE
426;Drifblim;6;18;498;150;80;44;90;54;80;4;FALSE
427;Buneary;11;;350;55;66;44;44;56;85;4;FALSE
428;Lopunny;11;;480;65;76;84;54;96;105;4;FALSE
428;Mega Lopunny;11;10;580;65;136;94;54;96;135;4;FALSE
429;Mismagius;6;;495;60;60;60;105;105;105;4;FALSE
430;Honchkrow;15;18;505;100;125;52;105;52;71;4;FALSE
431;Glameow;11;;310;49;55;42;42;37;85;4;FALSE
432;Purugly;11;;452;71;82;64;64;59;112;4;FALSE
433;Chingling;14;;285;45;30;50;65;50;45;4;FALSE
434;Stunky;17;15;329;63;63;47;41;41;74;4;FALSE
435;Skuntank;17;15;479;103;93;67;71;61;84;4;FALSE
436;Bronzor;1;14;300;57;24;86;24;86;23;4;FALSE
437;Bronzong;1;14;500;67;89;116;79;116;33;4;FALSE
438;Bonsly;12;;290;50;80;95;10;45;10;4;FALSE
439;Mime Jr.;14;5;310;20;25;45;70;90;60;4;FALSE
440;Happiny;11;;220;100;5;5;15;65;30;4;FALSE
441;Chatot;11;18;411;76;65;45;92;42;91;4;FALSE
442;Spiritomb;6;15;485;50;92;108;92;108;35;4;FALSE
443;Gible;3;16;300;58;70;45;40;45;42;4;FALSE
444;Gabite;3;16;410;68;90;65;50;55;82;4;FALSE
445;Garchomp;3;16;600;108;130;95;80;85;102;4;FALSE
445;Mega Garchomp;3;16;700;108;170;115;120;95;92;4;FALSE
446;Munchlax;11;;390;135;85;40;40;85;5;4;FALSE
447;Riolu;10;;285;40;70;40;35;40;60;4;FALSE
448;Lucario;10;1;525;70;110;70;115;70;90;4;FALSE
448;Mega Lucario;10;1;625;70;145;88;140;70;112;4;FALSE
449;Hippopotas;16;;330;68;72;78;38;42;32;4;FALSE
450;Hippowdon;16;;525;108;112;118;68;72;47;4;FALSE
451;Skorupi;17;9;330;40;50;90;30;55;65;4;FALSE
452;Drapion;17;15;500;70;90;110;60;75;95;4;FALSE
453;Croagunk;17;10;300;48;61;40;61;40;50;4;FALSE
454;Toxicroak;17;10;490;83;106;65;86;65;85;4;FALSE
455;Carnivine;13;;454;74;100;72;90;72;46;4;FALSE
456;Finneon;2;;330;49;49;56;49;61;66;4;FALSE
457;Lumineon;2;;460;69;69;76;69;86;91;4;FALSE
458;Mantyke;2;18;345;45;20;50;60;120;50;4;FALSE
459;Snover;13;8;334;60;62;50;62;60;40;4;FALSE
460;Abomasnow;13;8;494;90;92;75;92;85;60;4;FALSE
460;Mega Abomasnow;13;8;594;90;132;105;132;105;30;4;FALSE
461;Weavile;15;8;510;70;120;65;45;85;125;4;FALSE
462;Magnezone;4;1;535;70;70;115;130;90;60;4;FALSE
463;Lickilicky;11;;515;110;85;95;80;95;50;4;FALSE
464;Rhyperior;16;12;535;115;140;130;55;55;40;4;FALSE
465;Tangrowth;13;;535;100;100;125;110;50;50;4;FALSE
466;Electivire;4;;540;75;123;67;95;85;95;4;FALSE
467;Magmortar;7;;540;75;95;67;125;95;83;4;FALSE
468;Togekiss;5;18;545;85;50;95;120;115;80;4;FALSE
469;Yanmega;9;18;515;86;76;86;116;56;95;4;FALSE
470;Leafeon;13;;525;65;110;130;60;65;95;4;FALSE
471;Glaceon;8;;525;65;60;110;130;95;65;4;FALSE
472;Gliscor;16;18;510;75;95;125;45;75;95;4;FALSE
473;Mamoswine;8;16;530;110;130;80;70;60;80;4;FALSE
474;Porygon-Z;11;;535;85;80;70;135;75;90;4;FALSE
475;Gallade;14;10;518;68;125;65;65;115;80;4;FALSE
475;Mega Gallade;14;10;618;68;165;95;65;115;110;4;FALSE
476;Probopass;12;1;525;60;55;145;75;150;40;4;FALSE
477;Dusknoir;6;;525;45;100;135;65;135;45;4;FALSE
478;Froslass;8;6;480;70;80;70;80;70;110;4;FALSE
479;Rotom;4;6;440;50;50;77;95;77;91;4;FALSE
479;Heat Rotom;4;7;520;50;65;107;105;107;86;4;FALSE
479;Wash Rotom;4;2;520;50;65;107;105;107;86;4;FALSE
479;Frost Rotom;4;8;520;50;65;107;105;107;86;4;FALSE
479;Fan Rotom;4;18;520;50;65;107;105;107;86;4;FALSE
479;Mow Rotom;4;13;520;50;65;107;105;107;86;4;FALSE
480;Uxie;14;;580;75;75;130;75;130;95;4;TRUE
481;Mesprit;14;;580;80;105;105;105;105;80;4;TRUE
482;Azelf;14;;580;75;125;70;125;70;115;4;TRUE
483;Dialga;1;3;680;100;120;120;150;100;90;4;TRUE
484;Palkia;2;3;680;90;120;100;150;120;100;4;TRUE
485;Heatran;7;1;600;91;90;106;130;106;77;4;TRUE
486;Regigigas;11;;670;110;160;110;80;110;100;4;TRUE
487;Giratina Altered Forme;6;3;680;150;100;120;100;120;90;4;TRUE
487;Giratina Origin Forme;6;3;680;150;120;100;120;100;90;4;TRUE
488;Cresselia;14;;600;120;70;120;75;130;85;4;TRUE
489;Phione;2;;480;80;80;80;80;80;80;4;TRUE
490;Manaphy;2;;600;100;100;100;100;100;100;4;TRUE
491;Darkrai;15;;600;70;90;90;135;90;125;4;TRUE
492;Shaymin Land Forme;13;;600;100;100;100;100;100;100;4;TRUE
492;Shaymin Sky Forme;13;18;600;100;103;75;120;75;127;4;TRUE
493;Arceus;11;;720;120;120;120;120;120;120;4;TRUE
494;Victini;14;7;600;100;100;100;100;100;100;5;TRUE
495;Snivy;13;;308;45;45;55;45;55;63;5;FALSE
496;Servine;13;;413;60;60;75;60;75;83;5;FALSE
497;Serperior;13;;528;75;75;95;75;95;113;5;FALSE
498;Tepig;7;;308;65;63;45;45;45;45;5;FALSE
499;Pignite;7;10;418;90;93;55;70;55;55;5;FALSE
500;Emboar;7;10;528;110;123;65;100;65;65;5;FALSE
501;Oshawott;2;;308;55;55;45;63;45;45;5;FALSE
502;Dewott;2;;413;75;75;60;83;60;60;5;FALSE
503;Samurott;2;;528;95;100;85;108;70;70;5;FALSE
504;Patrat;11;;255;45;55;39;35;39;42;5;FALSE
505;Watchog;11;;420;60;85;69;60;69;77;5;FALSE
506;Lillipup;11;;275;45;60;45;25;45;55;5;FALSE
507;Herdier;11;;370;65;80;65;35;65;60;5;FALSE
508;Stoutland;11;;500;85;110;90;45;90;80;5;FALSE
509;Purrloin;15;;281;41;50;37;50;37;66;5;FALSE
510;Liepard;15;;446;64;88;50;88;50;106;5;FALSE
511;Pansage;13;;316;50;53;48;53;48;64;5;FALSE
512;Simisage;13;;498;75;98;63;98;63;101;5;FALSE
513;Pansear;7;;316;50;53;48;53;48;64;5;FALSE
514;Simisear;7;;498;75;98;63;98;63;101;5;FALSE
515;Panpour;2;;316;50;53;48;53;48;64;5;FALSE
516;Simipour;2;;498;75;98;63;98;63;101;5;FALSE
517;Munna;14;;292;76;25;45;67;55;24;5;FALSE
518;Musharna;14;;487;116;55;85;107;95;29;5;FALSE
519;Pidove;11;18;264;50;55;50;36;30;43;5;FALSE
520;Tranquill;11;18;358;62;77;62;50;42;65;5;FALSE
521;Unfezant;11;18;488;80;115;80;65;55;93;5;FALSE
522;Blitzle;4;;295;45;60;32;50;32;76;5;FALSE
523;Zebstrika;4;;497;75;100;63;80;63;116;5;FALSE
524;Roggenrola;12;;280;55;75;85;25;25;15;5;FALSE
525;Boldore;12;;390;70;105;105;50;40;20;5;FALSE
526;Gigalith;12;;515;85;135;130;60;80;25;5;FALSE
527;Woobat;14;18;313;55;45;43;55;43;72;5;FALSE
528;Swoobat;14;18;425;67;57;55;77;55;114;5;FALSE
529;Drilbur;16;;328;60;85;40;30;45;68;5;FALSE
530;Excadrill;16;1;508;110;135;60;50;65;88;5;FALSE
531;Audino;11;;445;103;60;86;60;86;50;5;FALSE
531;Mega Audino;11;5;545;103;60;126;80;126;50;5;FALSE
532;Timburr;10;;305;75;80;55;25;35;35;5;FALSE
533;Gurdurr;10;;405;85;105;85;40;50;40;5;FALSE
534;Conkeldurr;10;;505;105;140;95;55;65;45;5;FALSE
535;Tympole;2;;294;50;50;40;50;40;64;5;FALSE
536;Palpitoad;2;16;384;75;65;55;65;55;69;5;FALSE
537;Seismitoad;2;16;509;105;95;75;85;75;74;5;FALSE
538;Throh;10;;465;120;100;85;30;85;45;5;FALSE
539;Sawk;10;;465;75;125;75;30;75;85;5;FALSE
540;Sewaddle;9;13;310;45;53;70;40;60;42;5;FALSE
541;Swadloon;9;13;380;55;63;90;50;80;42;5;FALSE
542;Leavanny;9;13;500;75;103;80;70;80;92;5;FALSE
543;Venipede;9;17;260;30;45;59;30;39;57;5;FALSE
544;Whirlipede;9;17;360;40;55;99;40;79;47;5;FALSE
545;Scolipede;9;17;485;60;100;89;55;69;112;5;FALSE
546;Cottonee;13;5;280;40;27;60;37;50;66;5;FALSE
547;Whimsicott;13;5;480;60;67;85;77;75;116;5;FALSE
548;Petilil;13;;280;45;35;50;70;50;30;5;FALSE
549;Lilligant;13;;480;70;60;75;110;75;90;5;FALSE
550;Basculin;2;;460;70;92;65;80;55;98;5;FALSE
551;Sandile;16;15;292;50;72;35;35;35;65;5;FALSE
552;Krokorok;16;15;351;60;82;45;45;45;74;5;FALSE
553;Krookodile;16;15;519;95;117;80;65;70;92;5;FALSE
554;Darumaka;7;;315;70;90;45;15;45;50;5;FALSE
554;Galarian Darumaka;8;;315;70;90;45;15;45;50;8;FALSE
555;Darmanitan Standard Mode;7;;480;105;140;55;30;55;95;5;FALSE
555;Galarian Darmanitan Standard Mode;8;;480;105;140;55;30;55;95;8;FALSE
555;Darmanitan Zen Mode;7;14;540;105;30;105;140;105;55;5;FALSE
555;Galarian Darmanitan Zen Mode;8;7;540;105;160;55;30;55;135;8;FALSE
556;Maractus;13;;461;75;86;67;106;67;60;5;FALSE
557;Dwebble;9;12;325;50;65;85;35;35;55;5;FALSE
558;Crustle;9;12;475;70;95;125;65;75;45;5;FALSE
559;Scraggy;15;10;348;50;75;70;35;70;48;5;FALSE
560;Scrafty;15;10;488;65;90;115;45;115;58;5;FALSE
561;Sigilyph;14;18;490;72;58;80;103;80;97;5;FALSE
562;Yamask;6;;303;38;30;85;55;65;30;5;FALSE
562;Galarian Yamask;16;6;303;38;55;85;30;65;30;8;FALSE
563;Cofagrigus;6;;483;58;50;145;95;105;30;5;FALSE
564;Tirtouga;2;12;355;54;78;103;53;45;22;5;FALSE
565;Carracosta;2;12;495;74;108;133;83;65;32;5;FALSE
566;Archen;12;18;401;55;112;45;74;45;70;5;FALSE
567;Archeops;12;18;567;75;140;65;112;65;110;5;FALSE
568;Trubbish;17;;329;50;50;62;40;62;65;5;FALSE
569;Garbodor;17;;474;80;95;82;60;82;75;5;FALSE
569;Gigantamax Garbodor;17;;474;80;95;82;60;82;75;5;FALSE
570;Zorua;15;;330;40;65;40;80;40;65;5;FALSE
571;Zoroark;15;;510;60;105;60;120;60;105;5;FALSE
572;Minccino;11;;300;55;50;40;40;40;75;5;FALSE
573;Cinccino;11;;470;75;95;60;65;60;115;5;FALSE
574;Gothita;14;;290;45;30;50;55;65;45;5;FALSE
575;Gothorita;14;;390;60;45;70;75;85;55;5;FALSE
576;Gothitelle;14;;490;70;55;95;95;110;65;5;FALSE
577;Solosis;14;;290;45;30;40;105;50;20;5;FALSE
578;Duosion;14;;370;65;40;50;125;60;30;5;FALSE
579;Reuniclus;14;;490;110;65;75;125;85;30;5;FALSE
580;Ducklett;2;18;305;62;44;50;44;50;55;5;FALSE
581;Swanna;2;18;473;75;87;63;87;63;98;5;FALSE
582;Vanillite;8;;305;36;50;50;65;60;44;5;FALSE
583;Vanillish;8;;395;51;65;65;80;75;59;5;FALSE
584;Vanilluxe;8;;535;71;95;85;110;95;79;5;FALSE
585;Deerling;11;13;335;60;60;50;40;50;75;5;FALSE
586;Sawsbuck;11;13;475;80;100;70;60;70;95;5;FALSE
587;Emolga;4;18;428;55;75;60;75;60;103;5;FALSE
588;Karrablast;9;;315;50;75;45;40;45;60;5;FALSE
589;Escavalier;9;1;495;70;135;105;60;105;20;5;FALSE
590;Foongus;13;17;294;69;55;45;55;55;15;5;FALSE
591;Amoonguss;13;17;464;114;85;70;85;80;30;5;FALSE
592;Frillish;2;6;335;55;40;50;65;85;40;5;FALSE
593;Jellicent;2;6;480;100;60;70;85;105;60;5;FALSE
594;Alomomola;2;;470;165;75;80;40;45;65;5;FALSE
595;Joltik;9;4;319;50;47;50;57;50;65;5;FALSE
596;Galvantula;9;4;472;70;77;60;97;60;108;5;FALSE
597;Ferroseed;13;1;305;44;50;91;24;86;10;5;FALSE
598;Ferrothorn;13;1;489;74;94;131;54;116;20;5;FALSE
599;Klink;1;;300;40;55;70;45;60;30;5;FALSE
600;Klang;1;;440;60;80;95;70;85;50;5;FALSE
601;Klinklang;1;;520;60;100;115;70;85;90;5;FALSE
602;Tynamo;4;;275;35;55;40;45;40;60;5;FALSE
603;Eelektrik;4;;405;65;85;70;75;70;40;5;FALSE
604;Eelektross;4;;515;85;115;80;105;80;50;5;FALSE
605;Elgyem;14;;335;55;55;55;85;55;30;5;FALSE
606;Beheeyem;14;;485;75;75;75;125;95;40;5;FALSE
607;Litwick;6;7;275;50;30;55;65;55;20;5;FALSE
608;Lampent;6;7;370;60;40;60;95;60;55;5;FALSE
609;Chandelure;6;7;520;60;55;90;145;90;80;5;FALSE
610;Axew;3;;320;46;87;60;30;40;57;5;FALSE
611;Fraxure;3;;410;66;117;70;40;50;67;5;FALSE
612;Haxorus;3;;540;76;147;90;60;70;97;5;FALSE
613;Cubchoo;8;;305;55;70;40;60;40;40;5;FALSE
614;Beartic;8;;485;95;110;80;70;80;50;5;FALSE
615;Cryogonal;8;;485;70;50;30;95;135;105;5;FALSE
616;Shelmet;9;;305;50;40;85;40;65;25;5;FALSE
617;Accelgor;9;;495;80;70;40;100;60;145;5;FALSE
618;Stunfisk;16;4;471;109;66;84;81;99;32;5;FALSE
618;Galarian Stunfisk;16;1;471;109;81;99;66;84;32;8;FALSE
619;Mienfoo;10;;350;45;85;50;55;50;65;5;FALSE
620;Mienshao;10;;510;65;125;60;95;60;105;5;FALSE
621;Druddigon;3;;485;77;120;90;60;90;48;5;FALSE
622;Golett;16;6;303;59;74;50;35;50;35;5;FALSE
623;Golurk;16;6;483;89;124;80;55;80;55;5;FALSE
624;Pawniard;15;1;340;45;85;70;40;40;60;5;FALSE
625;Bisharp;15;1;490;65;125;100;60;70;70;5;FALSE
626;Bouffalant;11;;490;95;110;95;40;95;55;5;FALSE
627;Rufflet;11;18;350;70;83;50;37;50;60;5;FALSE
628;Braviary;11;18;510;100;123;75;57;75;80;5;FALSE
629;Vullaby;15;18;370;70;55;75;45;65;60;5;FALSE
630;Mandibuzz;15;18;510;110;65;105;55;95;80;5;FALSE
631;Heatmor;7;;484;85;97;66;105;66;65;5;FALSE
632;Durant;9;1;484;58;109;112;48;48;109;5;FALSE
633;Deino;15;3;300;52;65;50;45;50;38;5;FALSE
634;Zweilous;15;3;420;72;85;70;65;70;58;5;FALSE
635;Hydreigon;15;3;600;92;105;90;125;90;98;5;FALSE
636;Larvesta;9;7;360;55;85;55;50;55;60;5;FALSE
637;Volcarona;9;7;550;85;60;65;135;105;100;5;FALSE
638;Cobalion;1;10;580;91;90;129;90;72;108;5;TRUE
639;Terrakion;12;10;580;91;129;90;72;90;108;5;TRUE
640;Virizion;13;10;580;91;90;72;90;129;108;5;TRUE
641;Tornadus Incarnate Forme;18;;580;79;115;70;125;80;111;5;TRUE
641;Tornadus Therian Forme;18;;580;79;100;80;110;90;121;5;TRUE
642;Thundurus Incarnate Forme;4;18;580;79;115;70;125;80;111;5;TRUE
642;Thundurus Therian Forme;4;18;580;79;105;70;145;80;101;5;TRUE
643;Reshiram;3;7;680;100;120;100;150;120;90;5;TRUE
644;Zekrom;3;4;680;100;150;120;120;100;90;5;TRUE
645;Landorus Incarnate Forme;16;18;600;89;125;90;115;80;101;5;TRUE
645;Landorus Therian Forme;16;18;600;89;145;90;105;80;91;5;TRUE
646;Kyurem;3;8;660;125;130;90;130;90;95;5;TRUE
646;Black Kyurem;3;8;700;125;170;100;120;90;95;5;TRUE
646;White Kyurem;3;8;700;125;120;90;170;100;95;5;TRUE
647;Keldeo Ordinary Forme;2;10;580;91;72;90;129;90;108;5;TRUE
647;Keldeo Resolute Forme;2;10;580;91;72;90;129;90;108;5;TRUE
648;Meloetta Aria Forme;11;14;600;100;77;77;128;128;90;5;TRUE
648;Meloetta Pirouette Forme;11;10;600;100;128;90;77;77;128;5;TRUE
649;Genesect;9;1;600;71;120;95;120;95;99;5;TRUE
650;Chespin;13;;313;56;61;65;48;45;38;6;FALSE
651;Quilladin;13;;405;61;78;95;56;58;57;6;FALSE
652;Chesnaught;13;10;530;88;107;122;74;75;64;6;FALSE
653;Fennekin;7;;307;40;45;40;62;60;60;6;FALSE
654;Braixen;7;;409;59;59;58;90;70;73;6;FALSE
655;Delphox;7;14;534;75;69;72;114;100;104;6;FALSE
656;Froakie;2;;314;41;56;40;62;44;71;6;FALSE
657;Frogadier;2;;405;54;63;52;83;56;97;6;FALSE
658;Greninja;2;15;530;72;95;67;103;71;122;6;FALSE
658;Ash-Greninja;2;15;640;72;145;67;153;71;132;6;FALSE
659;Bunnelby;11;;237;38;36;38;32;36;57;6;FALSE
660;Diggersby;11;16;423;85;56;77;50;77;78;6;FALSE
661;Fletchling;11;18;278;45;50;43;40;38;62;6;FALSE
662;Fletchinder;7;18;382;62;73;55;56;52;84;6;FALSE
663;Talonflame;7;18;499;78;81;71;74;69;126;6;FALSE
664;Scatterbug;9;;200;38;35;40;27;25;35;6;FALSE
665;Spewpa;9;;213;45;22;60;27;30;29;6;FALSE
666;Vivillon;9;18;411;80;52;50;90;50;89;6;FALSE
667;Litleo;7;11;369;62;50;58;73;54;72;6;FALSE
668;Pyroar;7;11;507;86;68;72;109;66;106;6;FALSE
669;Flabébé;5;;303;44;38;39;61;79;42;6;FALSE
670;Floette;5;;371;54;45;47;75;98;52;6;FALSE
671;Florges;5;;552;78;65;68;112;154;75;6;FALSE
672;Skiddo;13;;350;66;65;48;62;57;52;6;FALSE
673;Gogoat;13;;531;123;100;62;97;81;68;6;FALSE
674;Pancham;10;;348;67;82;62;46;48;43;6;FALSE
675;Pangoro;10;15;495;95;124;78;69;71;58;6;FALSE
676;Furfrou;11;;472;75;80;60;65;90;102;6;FALSE
677;Espurr;14;;355;62;48;54;63;60;68;6;FALSE
678;Meowstic M;14;;466;74;48;76;83;81;104;6;FALSE
678;Meowstic F;14;;466;74;48;76;83;81;104;6;FALSE
679;Honedge;1;6;325;45;80;100;35;37;28;6;FALSE
680;Doublade;1;6;448;59;110;150;45;49;35;6;FALSE
681;Aegislash Blade Forme;1;6;520;60;150;50;150;50;60;6;FALSE
681;Aegislash Shield Forme;1;6;520;60;50;150;50;150;60;6;FALSE
682;Spritzee;5;;341;78;52;60;63;65;23;6;FALSE
683;Aromatisse;5;;462;101;72;72;99;89;29;6;FALSE
684;Swirlix;5;;341;62;48;66;59;57;49;6;FALSE
685;Slurpuff;5;;480;82;80;86;85;75;72;6;FALSE
686;Inkay;15;14;288;53;54;53;37;46;45;6;FALSE
687;Malamar;15;14;482;86;92;88;68;75;73;6;FALSE
688;Binacle;12;2;306;42;52;67;39;56;50;6;FALSE
689;Barbaracle;12;2;500;72;105;115;54;86;68;6;FALSE
690;Skrelp;17;2;320;50;60;60;60;60;30;6;FALSE
691;Dragalge;17;3;494;65;75;90;97;123;44;6;FALSE
692;Clauncher;2;;330;50;53;62;58;63;44;6;FALSE
693;Clawitzer;2;;500;71;73;88;120;89;59;6;FALSE
694;Helioptile;4;11;289;44;38;33;61;43;70;6;FALSE
695;Heliolisk;4;11;481;62;55;52;109;94;109;6;FALSE
696;Tyrunt;12;3;362;58;89;77;45;45;48;6;FALSE
697;Tyrantrum;12;3;521;82;121;119;69;59;71;6;FALSE
698;Amaura;12;8;362;77;59;50;67;63;46;6;FALSE
699;Aurorus;12;8;521;123;77;72;99;92;58;6;FALSE
700;Sylveon;5;;525;95;65;65;110;130;60;6;FALSE
701;Hawlucha;10;18;500;78;92;75;74;63;118;6;FALSE
702;Dedenne;4;5;431;67;58;57;81;67;101;6;FALSE
703;Carbink;12;5;500;50;50;150;50;150;50;6;FALSE
704;Goomy;3;;300;45;50;35;55;75;40;6;FALSE
705;Sliggoo;3;;452;68;75;53;83;113;60;6;FALSE
706;Goodra;3;;600;90;100;70;110;150;80;6;FALSE
707;Klefki;1;5;470;57;80;91;80;87;75;6;FALSE
708;Phantump;6;13;309;43;70;48;50;60;38;6;FALSE
709;Trevenant;6;13;474;85;110;76;65;82;56;6;FALSE
710;Pumpkaboo Average Size;6;13;335;49;66;70;44;55;51;6;FALSE
710;Pumpkaboo Small Size;6;13;335;44;66;70;44;55;56;6;FALSE
710;Pumpkaboo Large Size;6;13;335;54;66;70;44;55;46;6;FALSE
710;Pumpkaboo Super Size;6;13;335;59;66;70;44;55;41;6;FALSE
711;Gourgeist Average Size;6;13;494;65;90;122;58;75;84;6;FALSE
711;Gourgeist Small Size;6;13;494;55;85;122;58;75;99;6;FALSE
711;Gourgeist Large Size;6;13;494;75;95;122;58;75;69;6;FALSE
711;Gourgeist Super Size;6;13;494;85;100;122;58;75;54;6;FALSE
712;Bergmite;8;;304;55;69;85;32;35;28;6;FALSE
713;Avalugg;8;;514;95;117;184;44;46;28;6;FALSE
714;Noibat;18;3;245;40;30;35;45;40;55;6;FALSE
715;Noivern;18;3;535;85;70;80;97;80;123;6;FALSE
716;Xerneas;5;;680;126;131;95;131;98;99;6;TRUE
717;Yveltal;15;18;680;126;131;95;131;98;99;6;TRUE
718;Zygarde 10% Forme;3;16;486;54;100;71;61;85;115;6;TRUE
718;Zygarde 50% Forme;3;16;600;108;100;121;81;95;95;6;TRUE
718;Zygarde Complete Forme;3;16;708;216;100;121;91;95;85;6;TRUE
719;Diancie;12;5;600;50;100;150;100;150;50;6;TRUE
719;Mega Diancie;12;5;700;50;160;110;160;110;110;6;TRUE
720;Hoopa Confined;14;6;600;80;110;60;150;130;70;6;TRUE
720;Hoopa Unbound;14;15;680;80;160;60;170;130;80;6;TRUE
721;Volcanion;7;2;600;80;110;120;130;90;70;6;TRUE
722;Rowlet;13;18;320;68;55;55;50;50;42;7;FALSE
723;Dartrix;13;18;420;78;75;75;70;70;52;7;FALSE
724;Decidueye;13;6;530;78;107;75;100;100;70;7;FALSE
725;Litten;7;;320;45;65;40;60;40;70;7;FALSE
726;Torracat;7;;420;65;85;50;80;50;90;7;FALSE
727;Incineroar;7;15;530;95;115;90;80;90;60;7;FALSE
728;Popplio;2;;320;50;54;54;66;56;40;7;FALSE
729;Brionne;2;;420;60;69;69;91;81;50;7;FALSE
730;Primarina;2;5;530;80;74;74;126;116;60;7;FALSE
731;Pikipek;11;18;265;35;75;30;30;30;65;7;FALSE
732;Trumbeak;11;18;355;55;85;50;40;50;75;7;FALSE
733;Toucannon;11;18;485;80;120;75;75;75;60;7;FALSE
734;Yungoos;11;;253;48;70;30;30;30;45;7;FALSE
735;Gumshoos;11;;418;88;110;60;55;60;45;7;FALSE
736;Grubbin;9;;300;47;62;45;55;45;46;7;FALSE
737;Charjabug;9;4;400;57;82;95;55;75;36;7;FALSE
738;Vikavolt;9;4;500;77;70;90;145;75;43;7;FALSE
739;Crabrawler;10;;338;47;82;57;42;47;63;7;FALSE
740;Crabominable;10;8;478;97;132;77;62;67;43;7;FALSE
741;Oricorio Baile Style;7;18;476;75;70;70;98;70;93;7;FALSE
741;Oricorio Pom-Pom Style;4;18;476;75;70;70;98;70;93;7;FALSE
741;Oricorio P'au Style;14;18;476;75;70;70;98;70;93;7;FALSE
741;Oricorio Sensu Style;6;18;476;75;70;70;98;70;93;7;FALSE
742;Cutiefly;9;5;304;40;45;40;55;40;84;7;FALSE
743;Ribombee;9;5;464;60;55;60;95;70;124;7;FALSE
744;Rockruff;12;;280;45;65;40;30;40;60;7;FALSE
745;Lycanroc Midday Forme;12;;487;75;115;65;55;65;112;7;FALSE
745;Lycanroc Midnight Forme;12;;487;85;115;75;55;75;82;7;FALSE
745;Lycanroc Dusk Forme;12;;487;75;117;65;55;65;110;7;FALSE
746;Wishiwashi Solo Forme;2;;175;45;20;20;25;25;40;7;FALSE
746;Wishiwashi School Forme;2;;620;45;140;130;140;135;30;7;FALSE
747;Mareanie;17;2;305;50;53;62;43;52;45;7;FALSE
748;Toxapex;17;2;495;50;63;152;53;142;35;7;FALSE
749;Mudbray;16;;385;70;100;70;45;55;45;7;FALSE
750;Mudsdale;16;;500;100;125;100;55;85;35;7;FALSE
751;Dewpider;2;9;269;38;40;52;40;72;27;7;FALSE
752;Araquanid;2;9;454;68;70;92;50;132;42;7;FALSE
753;Fomantis;13;;250;40;55;35;50;35;35;7;FALSE
754;Lurantis;13;;480;70;105;90;80;90;45;7;FALSE
755;Morelull;13;5;285;40;35;55;65;75;15;7;FALSE
756;Shiinotic;13;5;405;60;45;80;90;100;30;7;FALSE
757;Salandit;17;7;320;48;44;40;71;40;77;7;FALSE
758;Salazzle;17;7;480;68;64;60;111;60;117;7;FALSE
759;Stufful;11;10;340;70;75;50;45;50;50;7;FALSE
760;Bewear;11;10;500;120;125;80;55;60;60;7;FALSE
761;Bounsweet;13;;210;42;30;38;30;38;32;7;FALSE
762;Steenee;13;;290;52;40;48;40;48;62;7;FALSE
763;Tsareena;13;;510;72;120;98;50;98;72;7;FALSE
764;Comfey;5;;485;51;52;90;82;110;100;7;FALSE
765;Oranguru;11;14;490;90;60;80;90;110;60;7;FALSE
766;Passimian;10;;490;100;120;90;40;60;80;7;FALSE
767;Wimpod;9;2;230;25;35;40;20;30;80;7;FALSE
768;Golisopod;9;2;530;75;125;140;60;90;40;7;FALSE
769;Sandygast;6;16;320;55;55;80;70;45;15;7;FALSE
770;Palossand;6;16;480;85;75;110;100;75;35;7;FALSE
771;Pyukumuku;2;;410;55;60;130;30;130;5;7;FALSE
772;Type: Null;11;;534;95;95;95;95;95;59;7;FALSE
773;Silvally;11;;570;95;95;95;95;95;95;7;FALSE
774;Minior Meteor Forme;12;18;440;60;60;100;60;100;60;7;FALSE
774;Minior Core Forme;12;18;500;60;100;60;100;60;120;7;FALSE
775;Komala;11;;480;65;115;65;75;95;65;7;FALSE
776;Turtonator;7;3;485;60;78;135;91;85;36;7;FALSE
777;Togedemaru;4;1;435;65;98;63;40;73;96;7;FALSE
778;Mimikyu;6;5;476;55;90;80;50;105;96;7;FALSE
779;Bruxish;2;14;475;68;105;70;70;70;92;7;FALSE
780;Drampa;11;3;485;78;60;85;135;91;36;7;FALSE
781;Dhelmise;6;13;517;70;131;100;86;90;40;7;FALSE
782;Jangmo-o;3;;300;45;55;65;45;45;45;7;FALSE
783;Hakamo-o;3;10;420;55;75;90;65;70;65;7;FALSE
784;Kommo-o;3;10;600;75;110;125;100;105;85;7;FALSE
785;Tapu Koko;4;5;570;70;115;85;95;75;130;7;TRUE
786;Tapu Lele;14;5;570;70;85;75;130;115;95;7;TRUE
787;Tapu Bulu;13;5;570;70;130;115;85;95;75;7;TRUE
788;Tapu Fini;2;5;570;70;75;115;95;130;85;7;TRUE
789;Cosmog;14;;200;43;29;31;29;31;37;7;TRUE
790;Cosmoem;14;;400;43;29;131;29;131;37;7;TRUE
791;Solgaleo;14;1;680;137;137;107;113;89;97;7;TRUE
792;Lunala;14;6;680;137;113;89;137;107;97;7;TRUE
793;Nihilego;12;17;570;109;53;47;127;131;103;7;FALSE
794;Buzzwole;9;10;570;107;139;139;53;53;79;7;FALSE
795;Pheromosa;9;10;570;71;137;37;137;37;151;7;FALSE
796;Xurkitree;4;;570;83;89;71;173;71;83;7;FALSE
797;Celesteela;1;18;570;97;101;103;107;101;61;7;FALSE
798;Kartana;13;1;570;59;181;131;59;31;109;7;FALSE
799;Guzzlord;15;3;570;223;101;53;97;53;43;7;FALSE
800;Necrozma;14;;600;97;107;101;127;89;79;7;TRUE
800;Dusk Mane Necrozma;14;1;680;97;157;127;113;109;77;7;TRUE
800;Dawn Wings Necrozma;14;6;680;97;113;109;157;127;77;7;TRUE
800;Ultra Necrozma;14;3;754;97;167;97;167;97;129;7;TRUE
801;Magearna;1;5;600;80;95;115;130;115;65;7;TRUE
802;Marshadow;10;6;600;90;125;80;90;90;125;7;TRUE
803;Poipole;17;;420;67;73;67;73;67;73;7;FALSE
804;Naganadel;17;3;540;73;73;73;127;73;121;7;FALSE
805;Stakataka;12;1;570;61;131;211;53;101;13;7;FALSE
806;Blacephalon;7;6;570;53;127;53;151;79;107;7;FALSE
807;Zeraora;4;;600;88;112;75;102;80;143;7;TRUE
808;Meltan;1;;300;46;65;65;55;35;34;7;TRUE
809;Melmetal;1;;600;135;143;143;80;65;34;7;TRUE
809;Gigantamax Melmetal;1;;600;135;143;143;80;65;34;7;TRUE
810;Grookey;13;;310;50;65;50;40;40;65;8;FALSE
811;Thwackey;13;;420;70;85;70;55;60;80;8;FALSE
812;Rillaboom;13;;530;100;125;90;60;70;85;8;FALSE
812;Gigantamax Rillaboom;13;;530;100;125;90;60;70;85;8;FALSE
813;Scorbunny;7;;310;50;71;40;40;40;69;8;FALSE
814;Raboot;7;;420;65;86;60;55;60;94;8;FALSE
815;Cinderace;7;;530;80;116;75;65;75;119;8;FALSE
815;Gigantamax Cinderace;7;;530;80;116;75;65;75;119;8;FALSE
816;Sobble;2;;310;50;40;40;70;40;70;8;FALSE
817;Drizzile;2;;420;65;60;55;95;55;90;8;FALSE
818;Inteleon;2;;530;70;85;65;125;65;120;8;FALSE
818;Gigantamax Inteleon;2;;530;70;85;65;125;65;120;8;FALSE
819;Skwovet;11;;275;70;55;55;35;35;25;8;FALSE
820;Greedent;11;;460;120;95;95;55;75;20;8;FALSE
821;Rookidee;18;;245;38;47;35;33;35;57;8;FALSE
822;Corvisquire;18;;365;68;67;55;43;55;77;8;FALSE
823;Corviknight;18;1;495;98;87;105;53;85;67;8;FALSE
823;Gigantamax Corviknight;18;1;495;98;87;105;53;85;67;8;FALSE
824;Blipbug;9;;180;25;20;20;25;45;45;8;FALSE
825;Dottler;9;14;335;50;35;80;50;90;30;8;FALSE
826;Orbeetle;9;14;505;60;45;110;80;120;90;8;FALSE
826;Gigantamax Orbeetle;9;14;505;60;45;110;80;120;90;8;FALSE
827;Nickit;15;;245;40;28;28;47;52;50;8;FALSE
828;Thievul;15;;455;70;58;58;87;92;90;8;FALSE
829;Gossifleur;13;;250;40;40;60;40;60;10;8;FALSE
830;Eldegoss;13;;460;60;50;90;80;120;60;8;FALSE
831;Wooloo;11;;270;42;40;55;40;45;48;8;FALSE
832;Dubwool;11;;490;72;80;100;60;90;88;8;FALSE
833;Chewtle;2;;284;50;64;50;38;38;44;8;FALSE
834;Drednaw;2;12;485;90;115;90;48;68;74;8;FALSE
834;Gigantamax Drednaw;2;12;485;90;115;90;48;68;74;8;FALSE
835;Yamper;4;;270;59;45;50;40;50;26;8;FALSE
836;Boltund;4;;490;69;90;60;90;60;121;8;FALSE
837;Rolycoly;12;;240;30;40;50;40;50;30;8;FALSE
838;Carkol;12;7;410;80;60;90;60;70;50;8;FALSE
839;Coalossal;12;7;510;110;80;120;80;90;30;8;FALSE
839;Gigantamax Coalossal;12;7;510;110;80;120;80;90;30;8;FALSE
840;Applin;13;3;260;40;40;80;40;40;20;8;FALSE
841;Flapple;13;3;485;70;110;80;95;60;70;8;FALSE
841;Gigantamax Flapple;13;3;485;70;110;80;95;60;70;8;FALSE
842;Appletun;13;3;485;110;85;80;100;80;30;8;FALSE
842;Gigantamax Appletun;13;3;485;110;85;80;100;80;30;8;FALSE
843;Silicobra;16;;315;52;57;75;35;50;46;8;FALSE
844;Sandaconda;16;;510;72;107;125;65;70;71;8;FALSE
844;Gigantamax Sandaconda;16;;510;72;107;125;65;70;71;8;FALSE
845;Cramorant;18;2;475;70;85;55;85;95;85;8;FALSE
846;Arrokuda;2;;280;41;63;40;40;30;66;8;FALSE
847;Barraskewda;2;;490;61;123;60;60;50;136;8;FALSE
848;Toxel;4;17;242;40;38;35;54;35;40;8;FALSE
849;Toxtricity Amped Forme;4;17;502;75;98;70;114;70;75;8;FALSE
849;Toxitricity Low Key Forme;4;17;502;75;98;70;114;70;75;8;FALSE
849;Gigantamax Toxitricity;4;17;502;75;98;70;114;70;75;8;FALSE
850;Sizzlipede;7;9;305;50;65;45;50;50;45;8;FALSE
851;Centiskorch;7;9;525;100;115;65;90;90;65;8;FALSE
851;Gigantamax Centiskorch;7;9;525;100;115;65;90;90;65;8;FALSE
852;Clobbopus;10;;310;50;68;60;50;50;32;8;FALSE
853;Grapploct;10;;480;80;118;90;70;80;42;8;FALSE
854;Sinistea;6;;308;40;45;45;74;54;50;8;FALSE
855;Polteageist;6;;508;60;65;65;134;114;70;8;FALSE
856;Hatenna;14;;265;42;30;45;56;53;39;8;FALSE
857;Hattrem;14;;370;57;40;65;86;73;49;8;FALSE
858;Hatterene;14;5;510;57;90;95;136;103;29;8;FALSE
858;Gigantamax Hatterene;14;5;510;57;90;95;136;103;29;8;FALSE
859;Impidimp;15;5;265;45;45;30;55;40;50;8;FALSE
860;Morgrem;15;5;370;65;60;45;75;55;70;8;FALSE
861;Grimmsnarl;15;5;510;95;120;65;95;75;60;8;FALSE
861;Gigantamax Grimmsnarl;15;5;510;95;120;65;95;75;60;8;FALSE
862;Obstagoon;15;11;520;93;90;101;60;81;95;8;FALSE
863;Perrserker;1;;440;70;110;100;50;60;50;8;FALSE
864;Cursola;6;;510;60;95;50;145;130;30;8;FALSE
865;Sirfetch'd;10;;507;62;135;95;68;82;65;8;FALSE
866;Mr. Rime;8;14;520;80;85;75;110;100;70;8;FALSE
867;Runerigus;16;6;483;58;95;145;50;105;30;8;FALSE
868;Milcery;5;;270;45;40;40;50;61;34;8;FALSE
869;Alcremie;5;;495;65;60;75;110;121;64;8;FALSE
869;Gigantamax Alcremie;5;;495;65;60;75;110;121;64;8;FALSE
870;Falinks;10;;470;65;100;100;70;60;75;8;FALSE
871;Pincurchin;4;;435;48;101;95;91;85;15;8;FALSE
872;Snom;8;9;185;30;25;35;45;30;20;8;FALSE
873;Frosmoth;8;9;475;70;65;60;125;90;65;8;FALSE
874;Stonjourner;12;;470;100;125;135;20;20;70;8;FALSE
875;Eiscue Ice Face;8;;470;75;80;110;65;90;50;8;FALSE
875;Eiscue Noice Face;8;;470;75;80;70;65;50;130;8;FALSE
876;Indeedee M;14;11;475;60;65;55;105;95;95;8;FALSE
876;Indeedee F;14;11;475;70;55;65;95;105;85;8;FALSE
877;Morpeko Full Belly Mode;4;15;436;58;95;58;70;58;97;8;FALSE
877;Morpeko Hangry Mode;4;15;436;58;95;58;70;58;97;8;FALSE
878;Cufant;1;;330;72;80;49;40;49;40;8;FALSE
879;Copperajah;1;;500;122;130;69;80;69;30;8;FALSE
879;Gigantamax Copperajah;1;;500;122;130;69;80;69;30;8;FALSE
880;Dracozolt;4;3;505;90;100;90;80;70;75;8;FALSE
881;Arctozolt;4;8;505;90;100;90;90;80;55;8;FALSE
882;Dracovish;2;3;505;90;90;100;70;80;75;8;FALSE
883;Arctovish;2;8;505;90;90;100;80;90;55;8;FALSE
884;Duraludon;1;3;535;70;95;115;120;50;85;8;FALSE
884;Gigantamax Duraludon;1;3;535;70;95;115;120;50;85;8;FALSE
885;Dreepy;3;6;270;28;60;30;40;30;82;8;FALSE
886;Drakloak;3;6;410;68;80;50;60;50;102;8;FALSE
887;Dragapult;3;6;600;88;120;75;100;75;142;8;FALSE
888;Zacian Hero of Many Battles;5;;670;92;130;115;80;115;138;8;TRUE
888;Zacian Crowned Sword Forme;5;1;720;92;170;115;80;115;148;8;TRUE
889;Zamazenta Hero of Many Battles;10;;670;92;130;115;80;115;138;8;TRUE
889;Zamazenta Crowned Sheild Forme;10;1;720;92;130;145;80;145;128;8;TRUE
890;Eternatus;17;3;690;140;85;95;145;95;130;8;TRUE
890;Eternamax Eternatus;17;3;1125;255;115;250;125;250;130;8;TRUE
891;Kubfu;10;;385;60;90;60;53;50;72;8;TRUE
892;Urshifu Single Strike Style;10;15;550;100;130;100;63;60;97;8;TRUE
892;Gigantamax Urshifu Single Strike Style;10;15;550;100;130;100;63;60;97;8;TRUE
892;Urshifu Rapid Strike Style;10;2;550;100;130;100;63;60;97;8;TRUE
892;Gigantamax Urshifu Rapid Strike Style;10;2;550;100;130;100;63;60;97;8;TRUE
893;Zarude;15;13;600;105;120;105;70;95;105;8;TRUE
893;Dada Zarude;15;13;600;105;120;105;70;95;105;8;TRUE
894;Regieleki;4;;580;80;100;50;100;50;200;8;TRUE
895;Regidrago;3;;580;200;100;50;100;50;80;8;TRUE
896;Glastrier;8;;580;100;145;130;65;110;30;8;TRUE
897;Spectrier;6;;580;100;65;60;145;80;130;8;TRUE
898;Calyrex;14;13;500;100;80;80;80;80;80;8;TRUE
898;Ice Rider Calyrex;14;8;680;100;165;150;85;130;50;8;TRUE
898;Shadow Rider Calyrex;14;6;680;100;85;80;165;100;150;8;TRUE
